{
    "roc_auc": 0.9494871733749192,
    "recall": 0.8402827918170879,
    "precision": 0.8454971999394582,
    "accuracy_score": 0.882462497037012,
    "f1_Score": 0.8428819313466617,
    "threshold": 0.38333333333333336
}