{
    "Roc_auc": 0.952371688421472,
    "Recall": 0.8509927797833935,
    "Precision": 0.8510183820211198,
    "Accuracy": 0.8881965843802557,
    "F1": 0.8510055807096978,
    "threshold": 0.332875735767647
}